#,ID,Due Date,Invoice
1,e7a7rxuo9eqh47dul9v9af,16-02-2021,
2,bu1t3dmurardzgxuwdrmf,08-01-2021,
3,mc8if3scn1k6afmxbjs04f,16-11-2020,
4,j7vjzq2elh83vpu2panzss,12-02-2021,
5,lmijtrhr6tab9ib79iwuc,23-01-2021,
6,z6saz2h2xcduddpxy4h3d,20-12-2020,
7,0zlllk3z0j1oy5px3ovcms,25-12-2020,
8,s7m9vc0f21or5cf2n7nghc,04-02-2021,
9,l86etlrjlp8zoykbhkwfte,02-02-2021,
10,6f0qqdjomu74v5l33tjao,19-01-2021,
11,b0raid0rwkm57kykecqsh,15-12-2020,
12,hk1r8kbb6yjuaca6bzze5g,18-12-2020,
#,ID,Due Date,Invoice
1,wgyhldur3prlu1pk3vlo3,20-11-2020,
2,v0ncdtjcmwc373rqqhrwlo,18-02-2021,
3,c96z4977jsotxjlpy4go5,26-11-2020,
4,swwssb8x256n8bmmpg8mp,03-02-2021,
5,35op231apnjh768v653ydi,09-02-2021,
6,cg4901egpuvsqa5gkvgo,22-11-2020,
7,d9uwxg6hm5jr474u4ci0nc,23-11-2020,
8,nhv2mrqqmb2ggmqnh8yo9,19-01-2021,
9,wi6ylujmsl7awkt2tkjrt,29-01-2021,
10,tnav2cxw9njwitlolfwhz,07-02-2021,
11,wwhhl6bo1c3zyj21fah,30-12-2020,
12,3eu3o9o5a07chzuqlxluxt,11-01-2021,
